<images>
	<photo image="images/thumbs/101.jpg">
	<![CDATA[Hello]]></photo>
	
	<photo image="images/thumbs/102.jpg">
	<![CDATA[Welcome to the new<br>Dock Gallery]]></photo>
	
	<photo image="images/thumbs/103.jpg">
	<![CDATA[Download it for FREE]]></photo>
	
	<photo image="images/thumbs/104.jpg">
	<![CDATA[No special skills or software<br>is required]]></photo>
	
	<photo image="images/thumbs/105.jpg">
	<![CDATA[Multiple customization properties]]></photo>
		
	<photo image="images/thumbs/106.jpg">
	<![CDATA[Customize it<br>in the right panel]]></photo>
	
	<photo image="images/thumbs/107.jpg">
	<![CDATA[You can create your own<br>image transitions and text effects]]></photo>
	
	<photo image="images/thumbs/108.jpg">
	<![CDATA[Put this dock menu<br>on any position]]></photo>
	
	<photo image="images/thumbs/109.jpg">
	<![CDATA[Customize this dock menu<br>with over 50 properties]]></photo>
	
	<photo image="images/thumbs/110.jpg">
	<![CDATA[Insert as many images<br>as you like]]></photo>	
</images>